first_name,last_name,middle_name,password,net_id,advisor_id
Jessica,,Wilson,MyPwd456,stu123,pqr456
Christopher,James,Thompson,Passw0rd!,vwx456,pqr456
Amanda,Marie,Anderson,Secure123,yza789,pqr456
Daniel,Robert,White,StrongPwd12,bcd456,pqr456
Elizabeth,Ann,Martin,Password789,cde789,pqr456
Ryan,Joseph,Harris,Secret123,efg123,pqr456
Stephanie,,Taylor,P@ssword1,fgh456,pqr456
Jason,Patrick,Martinez,Pwd123!,hij789,pqr456
Lauren,Ashley,Lewis,SecurePwd789,ijk123,pqr456
Kevin,Thomas,Robinson,StrongPassword!,klm456,pqr456
Ashley,Nicole,Hall,MySecretPwd,mno123,pqr456
Eric,William,Young,Passw0rd12,nop789,pqr456
